Constituency,Const. No.,Leading Candidate,Leading Party,Trailing Candidate,Trailing Party,Margin,Round,Status
Achanta,56,SATYANARAYANA PITHANI,Telugu Desam i,CHERUKUVADA SRI RANGANADHA RAJU,Yuvajana Sramika Rythu Congress Party i,26554,14/14,Result Declared
Addanki,105,GOTTIPATI RAVI KUMAR,Telugu Desam i,CHINNA HANIMIREDDY PANEM,Yuvajana Sramika Rythu Congress Party i,24890,22/22,Result Declared
Adoni,146,DR. PARTHA SARATHI VALMIKI,Bharatiya Janata Party i,Y. SAI PRASAD REDDY,Yuvajana Sramika Rythu Congress Party i,18164,19/19,Result Declared
Allagadda,134,AKHILA PRIYA BHUMA,Telugu Desam i,BRIJENDRA REDDY GANGULA (NANI),Yuvajana Sramika Rythu Congress Party i,12037,22/22,Result Declared
Alur,147,B. VIRUPAKSHI,Yuvajana Sramika Rythu Congress Party i,B. VEERABHADRA GOWD,Telugu Desam i,2831,21/21,Result Declared
Amadalavalasa,6,KOONA RAVI KUMAR,Telugu Desam i,THAMMINENI SEETARAM,Yuvajana Sramika Rythu Congress Party i,35032,19/19,Result Declared
Amalapuram,44,AITHABATHULA ANANDARAO,Telugu Desam i,VISWARUPU PINIPE,Yuvajana Sramika Rythu Congress Party i,38628,17/17,Result Declared
Anakapalle,30,KONATHALA RAMAKRISHNA,Janasena Party i,BHARATH KUMAR MALASALA,Yuvajana Sramika Rythu Congress Party i,65764,19/19,Result Declared
Anantapur Urban,153,DAGGUPATI PRASAD,Telugu Desam i,ANANTHA VENKATARAMI REDDY,Yuvajana Sramika Rythu Congress Party i,23023,21/21,Result Declared
Anaparthy,40,RAMAKRISHNA REDDY NALLAMILLI,Bharatiya Janata Party i,DOCTOR.SATHI SURYANARAYANA REDDY,Yuvajana Sramika Rythu Congress Party i,20850,17/17,Result Declared
Araku Valley,28,REGAM MATYALINGAM,Yuvajana Sramika Rythu Congress Party i,RAJARAO PANGI,Bharatiya Janata Party i,31877,23/23,Result Declared
Atmakur,115,ANAM.RAMANARAYANA REDDY,Telugu Desam i,MEKAPATI VIKRAM REDDY,Yuvajana Sramika Rythu Congress Party i,7576,22/22,Result Declared
Avanigadda,76,BUDDHAPRASAD MANDALI,Janasena Party i,RAMESH BABU SIMHADRI,Yuvajana Sramika Rythu Congress Party i,46434,21/21,Result Declared
Badvel,124,DASARI SUDHA,Yuvajana Sramika Rythu Congress Party i,BOJJA ROSHANNA,Bharatiya Janata Party i,18567,20/20,Result Declared
Banaganapalle,140,B.C. JANARDHAN REDDY,Telugu Desam i,KATASANI RAMI REDDY,Yuvajana Sramika Rythu Congress Party i,25566,24/24,Result Declared
Bapatla,92,VEGESANA NARENDRA VARMA RAJU,Telugu Desam i,KONA RAGHUPATHI,Yuvajana Sramika Rythu Congress Party i,27768,15/15,Result Declared
Bhimavaram,59,RAMANJANEYULU PULAPARTHI (ANJIBABU),Janasena Party i,GRANDHI SRINIVAS,Yuvajana Sramika Rythu Congress Party i,66974,17/17,Result Declared
Bhimili,20,GANTA SRINIVASA RAO,Telugu Desam i,MUTTAMSETTI SRINIVASA RAO (AVANTHI SRINIVAS),Yuvajana Sramika Rythu Congress Party i,92401,26/26,Result Declared
Bobbili,14,R.V.S.K.K.RANGA RAO @ BABYNAYANA,Telugu Desam i,VENKATA CHINA APPALA NAIDU SAMBANGI,Yuvajana Sramika Rythu Congress Party i,44648,19/19,Result Declared
Chandragiri,166,VENKATA MANI PRASAD PULLIVARTHI,Telugu Desam i,CHEVIREDDY MOHITH REDDY,Yuvajana Sramika Rythu Congress Party i,43852,20/20,Result Declared
Cheepurupalle,15,KALAVENKATARAO KIMIDI,Telugu Desam i,BOTCHA SATYANARAYANA,Yuvajana Sramika Rythu Congress Party i,11971,20/20,Result Declared
Chilakaluripet,96,PRATHIPATI PULLARAO,Telugu Desam i,KAVATI SIVA NAGA MANOHAR NAIDU,Yuvajana Sramika Rythu Congress Party i,33262,18/18,Result Declared
Chintalapudi,68,ROSHAN KUMAR SONGA,Telugu Desam i,KAMBHAM VIJAYA RAJU,Yuvajana Sramika Rythu Congress Party i,27766,20/20,Result Declared
Chirala,106,MADDULURI MALA KONDAIAH,Telugu Desam i,KARANAM VENKATESH,Yuvajana Sramika Rythu Congress Party i,20984,16/16,Result Declared
Chittoor,172,GURAJALA JAGAN MOHAN (GJM),Telugu Desam i,M.C. VIJAYANANDA REDDY,Yuvajana Sramika Rythu Congress Party i,14604,17/17,Result Declared
Chodavaram,26,SURYA NAGA SANYASI RAJU KALIDINDI,Telugu Desam i,KARANAM DHARMASRI,Yuvajana Sramika Rythu Congress Party i,42189,18/18,Result Declared
Darsi,103,BUCHEPALLI SIVA PRASAD REDDY,Yuvajana Sramika Rythu Congress Party i,GOTTIPATI LAKSHMI,Telugu Desam i,2456,21/21,Result Declared
Denduluru,64,CHINTAMANENI PRABHAKAR,Telugu Desam i,ABBAYA CHOWDARY KOTHARU,Yuvajana Sramika Rythu Congress Party i,26266,18/18,Result Declared
Dharmavaram,160,SATYA KUMAR YADAV,Bharatiya Janata Party i,KETHIREDDY VENKATA RAMI REDDY,Yuvajana Sramika Rythu Congress Party i,3734,21/21,Result Declared
Dhone,141,KOTLA JAYA SURYA PRAKASH REDDY,Telugu Desam i,BUGGANA RAJA REDDY,Yuvajana Sramika Rythu Congress Party i,6049,21/21,Result Declared
Eluru,65,RADHA KRISHNAYYA BADETI,Telugu Desam i,ALLA KALI KRISHNA SRINIVAS,Yuvajana Sramika Rythu Congress Party i,62388,16/16,Result Declared
Etcherla,7,ESWARA RAO NADUKUDITI,Bharatiya Janata Party i,KIRAN KUMAR GORLE,Yuvajana Sramika Rythu Congress Party i,29089,23/23,Result Declared
Gajapathinagaram,16,KONDAPALLI SRINIVAS,Telugu Desam i,APPALANARASAYYA BOTCHA,Yuvajana Sramika Rythu Congress Party i,25301,20/20,Result Declared
Gajuwaka,25,PALLA SRINIVAS RAO,Telugu Desam i,AVSS AMARNATH GUDIVADA,Yuvajana Sramika Rythu Congress Party i,95235,22/22,Result Declared
Gangadhara Nellore (SC),171,DR. VM. THOMAS,Telugu Desam i,K. KRUPALAKSHMI,Yuvajana Sramika Rythu Congress Party i,26011,20/20,Result Declared
Gannavaram,71,YARLAGADDA VENKATA RAO,Telugu Desam i,VAMSI VALLABHANENI,Yuvajana Sramika Rythu Congress Party i,37628,23/23,Result Declared
Gannavaram(SC),46,GIDDI. SATYANARAYANA,Janasena Party i,VIPPARTHI . VENUGOPALARAO,Yuvajana Sramika Rythu Congress Party i,33367,19/19,Result Declared
Giddalur,112,ASHOK REDDY MUTHUMULA,Telugu Desam i,KUNDURU NAGARJUNA REDDY (KP),Yuvajana Sramika Rythu Congress Party i,973,21/21,Result Declared
Gopalapuram,66,MADDIPATI VENKATA RAJU,Telugu Desam i,TANETI VANITA,Yuvajana Sramika Rythu Congress Party i,26784,18/18,Result Declared
Gudivada,72,VENIGANDLA RAMU,Telugu Desam i,KODALI SRI VENKATESWARA RAO (NANI),Yuvajana Sramika Rythu Congress Party i,53040,17/17,Result Declared
Gudur,120,PASIM SUNIL KUMAR,Telugu Desam i,MERIGA MURALIDHAR,Yuvajana Sramika Rythu Congress Party i,21192,21/21,Result Declared
Guntakal,150,GUMMANUR JAYARAM,Telugu Desam i,Y. VENKATA RAMA REDDY,Yuvajana Sramika Rythu Congress Party i,6826,20/20,Result Declared
Guntur East,95,MOHAMMED NASEER AHMED,Telugu Desam i,NOORI FATHIMA SHAIK,Yuvajana Sramika Rythu Congress Party i,31962,19/19,Result Declared
Guntur West,94,GALLA MADHAVI,Telugu Desam i,RAJINI VIDADALA,Yuvajana Sramika Rythu Congress Party i,51150,21/21,Result Declared
Gurajala,100,YARAPATHINENI SRINIVASA RAO,Telugu Desam i,KASU MAHESH REDDY,Yuvajana Sramika Rythu Congress Party i,29486,23/23,Result Declared
Hindupur,157,NANDAMURI BALAKRISHNA,Telugu Desam i,DEEPIKA T N,Yuvajana Sramika Rythu Congress Party i,32597,19/19,Result Declared
Ichchapuram,1,ASHOK BENDALAM,Telugu Desam i,PIRIYA VIJAYA,Yuvajana Sramika Rythu Congress Party i,39783,22/22,Result Declared
Jaggampeta,52,JYOTHULA NEHRU,Telugu Desam i,THOTA NARASIMHAM,Yuvajana Sramika Rythu Congress Party i,52676,18/18,Result Declared
Jaggayyapeta,84,RAJAGOPAL SREERAM (TATAIAH),Telugu Desam i,UDAYA BHANU SAMINENI,Yuvajana Sramika Rythu Congress Party i,15977,16/16,Result Declared
Jammalamadugu,131,ADINARAYANA REDDY CHADIPIRALA,Bharatiya Janata Party i,MULE SUDHEER REDDY,Yuvajana Sramika Rythu Congress Party i,17191,23/23,Result Declared
Kadapa,126,MADHAVI REDDAPPA GARI,Telugu Desam i,AMZATH BASHA SHAIK BEPARI,Yuvajana Sramika Rythu Congress Party i,18860,21/21,Result Declared
Kadiri,161,KANDIKUNTA VENKATA PRASAD,Telugu Desam i,MAQBOOL B.S.,Yuvajana Sramika Rythu Congress Party i,6265,21/21,Result Declared
Kaikalur,73,KAMINENI SRINIVAS,Bharatiya Janata Party i,DULAM NAGESWARA RAO,Yuvajana Sramika Rythu Congress Party i,45273,17/17,Result Declared
Kakinada City,41,VANAMADI VENKATESWARA RAO @ KONDABABU,Telugu Desam i,DWARAMPUDI CHANDRASEKHARA REDDY,Yuvajana Sramika Rythu Congress Party i,56572,17/17,Result Declared
Kakinada Rural,38,PANTAM VENKATESWARA RAO (PANTAM NANAJI),Janasena Party i,KURASALA KANNA BABU,Yuvajana Sramika Rythu Congress Party i,72040,20/20,Result Declared
Kalyandurg,154,AMILINENI SURENDRA BABU,Telugu Desam i,TALARI RANGAIAH,Yuvajana Sramika Rythu Congress Party i,37734,19/19,Result Declared
Kamalapuram,130,KRISHNA CHAITANYA REDDY PUTHA,Telugu Desam i,POCHIMAREDDY RAVINDRANATH REDDY,Yuvajana Sramika Rythu Congress Party i,25357,18/18,Result Declared
Kandukur,109,INTURI NAGESWARA RAO,Telugu Desam i,MADHU SUDHANRAO BURRA,Yuvajana Sramika Rythu Congress Party i,18558,20/20,Result Declared
Kanigiri,113,DR. UGRA NARASIMHA REDDY MUKKU,Telugu Desam i,DADDALA NARAYANA,Yuvajana Sramika Rythu Congress Party i,14604,22/22,Result Declared
Kavali,114,DAGUMATI VENKATA KRISHNA REDDY,Telugu Desam i,RAMIREDDY PRATAP KUMAR REDDY,Yuvajana Sramika Rythu Congress Party i,30948,24/24,Result Declared
Kodumur (SC),143,BOGGULA DASTAGIRI,Telugu Desam i,AUDIMULAPU SATHISH,Yuvajana Sramika Rythu Congress Party i,21583,20/20,Result Declared
Kodur (SC),127,ARAVA SREEDHAR,Janasena Party i,KORAMUTLA SREENIVASULU,Yuvajana Sramika Rythu Congress Party i,11101,18/18,Result Declared
Kondapi (SC),110,DOCTOR DOLA SREE BALA VEERANJANEYA SWAMY,Telugu Desam i,AUDIMULAPU SURESH,Yuvajana Sramika Rythu Congress Party i,24756,21/21,Result Declared
Kothapeta,47,BANDARU SATYANANDA RAO,Telugu Desam i,CHIRLA JAGGIREDDY,Yuvajana Sramika Rythu Congress Party i,56479,19/19,Result Declared
Kovur,116,PRASHANTHI REDDY VEMIREDDY,Telugu Desam i,NALLAPAREDDY PRASANNA KUMAR REDDY,Yuvajana Sramika Rythu Congress Party i,54583,25/25,Result Declared
Kovvur,54,MUPPIDI VENKATESWARA RAO,Telugu Desam i,TALARI VENKATA RAO,Yuvajana Sramika Rythu Congress Party i,33946,13/13,Result Declared
Kuppam,175,CHANDRABABU NAIDU NARA,Telugu Desam i,K.R.J. BHARATH,Yuvajana Sramika Rythu Congress Party i,48006,18/18,Result Declared
Kurnool,137,T.G.BHARATH,Telugu Desam i,"A. MD. IMTIAZ I.A.S., (RETD)",Yuvajana Sramika Rythu Congress Party i,18876,19/19,Result Declared
Kurupam,11,JAGADEESWARI THOYAKA,Telugu Desam i,PAMULA PUSHPA SREEVANI,Yuvajana Sramika Rythu Congress Party i,23500,20/20,Result Declared
Macherla,101,JULAKANTI BRAHMANANDA REDDY,Telugu Desam i,RAMAKRISHNAREDDY. PINNELLI,Yuvajana Sramika Rythu Congress Party i,33318,24/24,Result Declared
Machilipatnam,75,KOLLU. RAVINDRA,Telugu Desam i,PERNI KRISHNAMURTHY (KITTU),Yuvajana Sramika Rythu Congress Party i,50242,15/15,Result Declared
Madakasira (SC),156,M.S.RAJU,Telugu Desam i,IRALAKKAPPA.S.L,Yuvajana Sramika Rythu Congress Party i,351,18/18,Result Declared
Madanapalle,164,M.SHAJAHAN BASHA,Telugu Desam i,S.NISAR AHAMAD,Yuvajana Sramika Rythu Congress Party i,5509,19/19,Result Declared
Madugula,27,BANDARU SATYANARAYANA MURTHY,Telugu Desam i,ANURADHA ERLI,Yuvajana Sramika Rythu Congress Party i,28026,17/17,Result Declared
Mandapeta,48,JOGESWARA RAO.V,Telugu Desam i,THOTA TRIMURTHULU,Yuvajana Sramika Rythu Congress Party i,44435,23/23,Result Declared
Mangalagiri,87,NARA LOKESH,Telugu Desam i,MURUGUDU LAVANYA,Yuvajana Sramika Rythu Congress Party i,91413,22/22,Result Declared
Mantralayam,145,Y. BALANAGI REDDY,Yuvajana Sramika Rythu Congress Party i,N. RAGHAVENDRA REDDY,Telugu Desam i,12805,17/17,Result Declared
Markapuram,111,KANDULA NARAYANA REDDY,Telugu Desam i,ANNA RAMBABU,Yuvajana Sramika Rythu Congress Party i,13979,19/19,Result Declared
Mummidivaram,43,DATLA SUBBARAJU (BUCHIBABU),Telugu Desam i,PONNADA VENKATA SATISH KUMAR,Yuvajana Sramika Rythu Congress Party i,38736,20/20,Result Declared
Mydukur,133,SUDHAKAR PUTTA,Telugu Desam i,RAGHURAMI REDDY SETTIPALLY,Yuvajana Sramika Rythu Congress Party i,20950,21/21,Result Declared
Mylavaram,82,VASANTHA VENKATA KRISHNA PRASAD,Telugu Desam i,TIRAPATHIRAO SARNALA,Yuvajana Sramika Rythu Congress Party i,42829,22/22,Result Declared
Nagari,170,GALI BHANU PRAKASH,Telugu Desam i,R.K. ROJA,Yuvajana Sramika Rythu Congress Party i,45004,18/18,Result Declared
Nandigama (SC),83,TANGIRALA SOWMYA,Telugu Desam i,MONDITOKA JAGAN MOHAN RAO,Yuvajana Sramika Rythu Congress Party i,27395,17/17,Result Declared
Nandikotkur (SC),136,G JAYASURYA,Telugu Desam i,DARA SUDHEER,Yuvajana Sramika Rythu Congress Party i,9792,27/27,Result Declared
Nandyal,139,NASYAM MOHAMMED FAROOK,Telugu Desam i,SILPA RAVI CHANDRA KISHORE REDDY,Yuvajana Sramika Rythu Congress Party i,12333,21/21,Result Declared
Narasannapeta,8,BAGGU RAMANAMURTHY,Telugu Desam i,KRISHNADAS DHARMANA,Yuvajana Sramika Rythu Congress Party i,29371,21/21,Result Declared
Narasapuram,58,BOMMIDI NARAYANA NAYAKAR,Janasena Party i,NAGARAJA VARA PRASADA RAJU MUDUNURI,Yuvajana Sramika Rythu Congress Party i,49738,13/13,Result Declared
Narasaraopet,97,ARAVINDA BABU CHADALAVADA,Telugu Desam i,GOPIREDDY SRINIVASA REDDY,Yuvajana Sramika Rythu Congress Party i,19705,18/18,Result Declared
Narsipatnam,34,AYYANNAPATRUDU CHINTAKAYALA,Telugu Desam i,UMA SANKARA GANESH PETLA,Yuvajana Sramika Rythu Congress Party i,24676,19/19,Result Declared
Nellimarla,17,LOKAM NAGA MADHAVI,Janasena Party i,APPALANAIDU BADDUKONDA,Yuvajana Sramika Rythu Congress Party i,39829,18/18,Result Declared
Nellore City,117,NARAYANA PONGURU,Telugu Desam i,KHALEEL AHAMAD MD,Yuvajana Sramika Rythu Congress Party i,72489,18/18,Result Declared
Nellore Rural,118,KOTAMREDDY SRIDHAR REDDY,Telugu Desam i,ADALA PRABHAKARA REDDY,Yuvajana Sramika Rythu Congress Party i,34480,24/24,Result Declared
Nidadavole,55,KANDULA DURGESH,Janasena Party i,G.SRINIVAS NAIDU,Yuvajana Sramika Rythu Congress Party i,33304,16/16,Result Declared
Nuzvid,70,KOLUSU PARTHA SARATHY,Telugu Desam i,MEKA VENKATA PRATAP APPARAO,Yuvajana Sramika Rythu Congress Party i,12378,21/21,Result Declared
Ongole,108,DAMACHARLA JANARDHANA RAO,Telugu Desam i,BALINENI SRINIVASA REDDY,Yuvajana Sramika Rythu Congress Party i,34026,19/19,Result Declared
Paderu,29,MATSYARASA VISWESWARA RAJU,Yuvajana Sramika Rythu Congress Party i,ESWARI GIDDI,Telugu Desam i,19338,23/23,Result Declared
Palacole,57,DR.NIMMALA RAMANAIDU,Telugu Desam i,GUDALA SRI HARI GOPALA RAO (GUDALA GOPI),Yuvajana Sramika Rythu Congress Party i,67945,14/14,Result Declared
Palakonda,10,JAYAKRISHNA NIMMAKA,Janasena Party i,VISWASARAYI KALAVATHI,Yuvajana Sramika Rythu Congress Party i,13291,21/21,Result Declared
Palamaner,174,AMARANATHA REDDY. N,Telugu Desam i,VENKATE GOWDA. N,Yuvajana Sramika Rythu Congress Party i,20122,21/21,Result Declared
Palasa,2,GOUTHU SIREESHA,Telugu Desam i,APPALARAJU SEEDIRI,Yuvajana Sramika Rythu Congress Party i,40350,21/21,Result Declared
Pamarru (SC),77,KUMAR RAJA VARLA,Telugu Desam i,ANIL KUMAR KAILE,Yuvajana Sramika Rythu Congress Party i,29690,17/17,Result Declared
Panyam,138,GOWRU CHARITHA REDDY,Telugu Desam i,KATASANI RAMABHUPAL REDDY,Yuvajana Sramika Rythu Congress Party i,40591,26/26,Result Declared
Parchur,104,YELURI SAMBASIVA RAO,Telugu Desam i,YADAM BALAJI,Yuvajana Sramika Rythu Congress Party i,24013,22/22,Result Declared
Parvathipuram,12,BONELA VIJAYA CHANDRA,Telugu Desam i,ALAJANGI JOGARAO,Yuvajana Sramika Rythu Congress Party i,24414,17/17,Result Declared
Pathapatnam,4,MAMIDI GOVINDA RAO,Telugu Desam i,REDDY SHANTHI,Yuvajana Sramika Rythu Congress Party i,26527,24/24,Result Declared
Pattikonda,142,K.E. SHYAM KUMAR,Telugu Desam i,KANGATI SREEDEVI,Yuvajana Sramika Rythu Congress Party i,14211,19/19,Result Declared
Payakaraopet,33,ANITHA VANGALAPUDI,Telugu Desam i,JOGULU KAMBALA,Yuvajana Sramika Rythu Congress Party i,43727,21/21,Result Declared
Pedakurapadu,85,BHASHYAM PRAVEEN,Telugu Desam i,NAMBURU SANKARA RAO,Yuvajana Sramika Rythu Congress Party i,21089,20/20,Result Declared
Pedana,74,KAGITHA KRISHNAPRASAD,Telugu Desam i,UPPALA RAMESH(RAMU),Yuvajana Sramika Rythu Congress Party i,38123,17/17,Result Declared
Peddapuram,39,CHINA RAJAPPA NIMMAKAYALA,Telugu Desam i,DAVULURI DORABABU,Yuvajana Sramika Rythu Congress Party i,40451,15/15,Result Declared
Penamaluru,78,BODE PRASAD,Telugu Desam i,JOGI RAMESH,Yuvajana Sramika Rythu Congress Party i,59915,23/23,Result Declared
Pendurthi,31,PANCHAKARLA RAMESH BABU,Janasena Party i,ANNAMREDDY ADEEP RAJ,Yuvajana Sramika Rythu Congress Party i,81870,22/22,Result Declared
Penukonda,158,S. SAVITHA,Telugu Desam i,K.V. USHA SHRICHARAN,Yuvajana Sramika Rythu Congress Party i,33388,19/19,Result Declared
Pileru,163,NALLARI KISHAN KUMAR REDDY,Telugu Desam i,CHINTHALA RAMACHANDRA REDDY,Yuvajana Sramika Rythu Congress Party i,25081,21/21,Result Declared
Pithapuram,37,KONIDALA PAWAN KALYAN,Janasena Party i,VANGA GEETHA VISWANATH,Yuvajana Sramika Rythu Congress Party i,70279,18/18,Result Declared
Polavaram,67,CHIRRI BALARAJU,Janasena Party i,TELLAM RAJYA LAKSHMI,Yuvajana Sramika Rythu Congress Party i,7935,21/21,Result Declared
Ponnur,88,DHULIPALLA NARENDRA KUMAR,Telugu Desam i,AMBATI MURALI KRISHNA,Yuvajana Sramika Rythu Congress Party i,32915,19/19,Result Declared
Prathipadu,36,VARUPULA SATYA PRABHA,Telugu Desam i,VARUPULA SUBBARAO,Yuvajana Sramika Rythu Congress Party i,38768,17/17,Result Declared
Prathipadu (SC),93,BURLA RAMANJANEYULU,Telugu Desam i,BALASANI KIRAN KUMAR,Yuvajana Sramika Rythu Congress Party i,42015,22/22,Result Declared
Proddatur,132,NANDYALA VARADA RAJULA REDDY,Telugu Desam i,RACHAMALLU SIVA PRASAD REDDY,Yuvajana Sramika Rythu Congress Party i,22744,20/20,Result Declared
Pulivendla,129,YS JAGAN MOHAN REDDY,Yuvajana Sramika Rythu Congress Party i,B.TECH RAVI,Telugu Desam i,61687,23/23,Result Declared
Punganur,165,PEDDIREDDI RAMACHANDRA REDDY,Yuvajana Sramika Rythu Congress Party i,CHALLA RAMACHANDRA REDDY,Telugu Desam i,6095,19/19,Result Declared
Puthalapattu (SC),173,K MURALI MOHAN,Telugu Desam i,M SUNEEL KUMAR,Yuvajana Sramika Rythu Congress Party i,15634,20/20,Result Declared
Puttaparthi,159,PALLE SINDHURA REDDY,Telugu Desam i,DUDDUKUNTA SREEDHAR REDDY,Yuvajana Sramika Rythu Congress Party i,8760,18/18,Result Declared
Rajahmundry City,50,ADIREDDY SRINIVAS,Telugu Desam i,MARGANI BHARAT RAM,Yuvajana Sramika Rythu Congress Party i,71404,18/18,Result Declared
Rajahmundry Rural,51,GORANTLA BUTCHAIAH CHOUDARY,Telugu Desam i,GOPALAKRISHNA CHELLUBOYINA(VENU),Yuvajana Sramika Rythu Congress Party i,64090,20/20,Result Declared
Rajam,9,KONDRU MURALI MOHAN,Telugu Desam i,DR. TALE RAJESH,Yuvajana Sramika Rythu Congress Party i,20722,21/21,Result Declared
Rajampet,125,AKEPATI AMARNATH REDDY,Yuvajana Sramika Rythu Congress Party i,BALA SUBRAMANYAM SUGAVASI,Telugu Desam i,7016,21/21,Result Declared
Rajanagaram,49,BATHULA BALARAMAKRISHNA S/O GANGARAO,Janasena Party i,JAKKAMPUDI RAJA,Yuvajana Sramika Rythu Congress Party i,34049,16/16,Result Declared
Ramachandrapuram,42,VASAMSETTI. SUBASH,Telugu Desam i,PILLI SURYA PRAKASH,Yuvajana Sramika Rythu Congress Party i,26291,25/25,Result Declared
Rampachodavaram,53,MIRIYALA SIRISHA DEVI,Telugu Desam i,NAGULAPALLI DHANALAKSHMI,Yuvajana Sramika Rythu Congress Party i,9139,20/20,Result Declared
Raptadu,155,PARITALA SUNITHAMMA,Telugu Desam i,THOPUDURTHI PRAKASH REDDY,Yuvajana Sramika Rythu Congress Party i,23329,21/21,Result Declared
Rayachoti,128,MANDIPALLI RAMPRASAD REDDY,Telugu Desam i,GADIKOTA SRIKANTH REDDY,Yuvajana Sramika Rythu Congress Party i,2495,21/21,Result Declared
Rayadurg,148,KALAVA SRINIVASULU,Telugu Desam i,METTU GOVINDA REDDY,Yuvajana Sramika Rythu Congress Party i,41659,22/22,Result Declared
Razole,45,DEVA VARAPRASAD,Janasena Party i,GOLLAPALLI SURYA RAO,Yuvajana Sramika Rythu Congress Party i,39011,16/16,Result Declared
Repalle,90,ANAGANI SATYA PRASAD,Telugu Desam i,EVURU GANESH,Yuvajana Sramika Rythu Congress Party i,39947,19/19,Result Declared
Salur,13,GUMMIDI SANDHYARANI,Telugu Desam i,RAJANNA DORA PEEDIKA,Yuvajana Sramika Rythu Congress Party i,13733,18/18,Result Declared
Santhanuthalapadu (SC),107,VIJAY KUMAR B.N,Telugu Desam i,NAGARJUNA MERUGU,Yuvajana Sramika Rythu Congress Party i,30385,20/20,Result Declared
Sarvepalli,119,CHANDRA MOHAN REDDY SOMIREDDY,Telugu Desam i,KAKANI GOVARDHAN REDDY,Yuvajana Sramika Rythu Congress Party i,16288,21/21,Result Declared
Sattenapalle,98,KANNA LAKSHMINARAYANA,Telugu Desam i,AMBATI RAMBABU,Yuvajana Sramika Rythu Congress Party i,27836,21/21,Result Declared
Satyavedu,169,KONETI ADIMULAM,Telugu Desam i,NUKATHOTI RAJESH,Yuvajana Sramika Rythu Congress Party i,3739,20/20,Result Declared
Singanamala (SC),152,BANDARU SRAVANI SREE,Telugu Desam i,M.VEERANJANEYULU,Yuvajana Sramika Rythu Congress Party i,8788,22/22,Result Declared
Srikakulam,5,GONDU SHANKAR,Telugu Desam i,DHARMANA PRASADA RAO,Yuvajana Sramika Rythu Congress Party i,52521,20/20,Result Declared
Srikalahasti,168,BOJJALA VENKATA SUDHIR REDDY,Telugu Desam i,BIYYAPU MADHUSUDHAN REDDY,Yuvajana Sramika Rythu Congress Party i,43304,21/21,Result Declared
Srisailam,135,BUDDA RAJASEKHARA REDDY,Telugu Desam i,SILPA CHAKRAPANI REDDY,Yuvajana Sramika Rythu Congress Party i,6385,23/23,Result Declared
Srungavarapukota,19,KOLLA LALITHA KUMARI,Telugu Desam i,KADUBANDI SRINIVASA RAO,Yuvajana Sramika Rythu Congress Party i,38790,21/21,Result Declared
Sullurpeta,121,NELAVALA VIJAYASREE,Telugu Desam i,KILIVETI SANJEEVAIAH,Yuvajana Sramika Rythu Congress Party i,29115,22/22,Result Declared
Tadepalligudem,62,BOLISETTY SRINIVAS,Janasena Party i,KOTTU SATYANARAYANA,Yuvajana Sramika Rythu Congress Party i,62492,15/15,Result Declared
Tadikonda (SC),86,TENALI SRAVAN KUMAR,Telugu Desam i,SUCHARITHA MEKATHOTI,Yuvajana Sramika Rythu Congress Party i,39606,18/18,Result Declared
Tadpatri,151,ASHMIT REDDY J.C,Telugu Desam i,KETHIREDDY PEDDAREDDY,Yuvajana Sramika Rythu Congress Party i,27731,20/20,Result Declared
Tanuku,61,ARIMILLI RADHA KRISHNA,Telugu Desam i,KARUMURI VENKATA NAGESWARA RAO,Yuvajana Sramika Rythu Congress Party i,72121,17/17,Result Declared
Tekkali,3,ATCHANNAIDU KINJARAPU,Telugu Desam i,DUVVADA SRINIVAS,Yuvajana Sramika Rythu Congress Party i,34435,24/24,Result Declared
Tenali,91,NADENDLA MANOHAR,Janasena Party i,ANNABATHUNI SIVAKUMAR,Yuvajana Sramika Rythu Congress Party i,48112,21/21,Result Declared
Thamballapalle,162,P. DWARAKANATHA REDDY,Yuvajana Sramika Rythu Congress Party i,D. JAYACHANDRA REDDY,Telugu Desam i,10103,18/18,Result Declared
Tirupati,167,ARANII SRENEVASULU,Janasena Party i,BHUMANA ABHINAY,Yuvajana Sramika Rythu Congress Party i,61956,20/20,Result Declared
Tiruvuru (SC),69,KOLIKAPUDI SRINIVASA RAO,Telugu Desam i,NALLAGATLA SWAMY DAS,Yuvajana Sramika Rythu Congress Party i,21874,18/18,Result Declared
Tuni,35,DIVYA YANAMALA,Telugu Desam i,DADISETTI RAJA,Yuvajana Sramika Rythu Congress Party i,15177,16/16,Result Declared
Udayagiri,123,KAKARLA SURESH,Telugu Desam i,MEKAPATI RAJAGOPAL REDDY,Yuvajana Sramika Rythu Congress Party i,9621,24/24,Result Declared
Undi,60,KANUMURU RAGHU RAMA KRISHNA RAJU (R R R),Telugu Desam i,PENMETSA VENKATA LAKSHMI NARASIMHA RAJU (P.V.L),Yuvajana Sramika Rythu Congress Party i,56777,18/18,Result Declared
Ungutur,63,DHARMARAJU PATSAMATLA,Janasena Party i,PUPPALA SRINIVASA RAO (VASU BABU),Yuvajana Sramika Rythu Congress Party i,44945,17/17,Result Declared
Uravakonda,149,PAYYAVULA KESHAV,Telugu Desam i,Y. VISWESWARA REDDY,Yuvajana Sramika Rythu Congress Party i,21704,15/15,Result Declared
Vemuru (SC),89,ANANDA BABU NAKKA,Telugu Desam i,ASHOK BABU VARIKUTI,Yuvajana Sramika Rythu Congress Party i,22021,17/17,Result Declared
Venkatagiri,122,KURUGONDLA RAMAKRISHNA,Telugu Desam i,NEDURUMALLI RAM KUMAR REDDY,Yuvajana Sramika Rythu Congress Party i,16294,22/22,Result Declared
Vijayawada Central,80,BONDA UMAMAHESWARARAO,Telugu Desam i,VELAMPALLI SRINIVASA RAO,Yuvajana Sramika Rythu Congress Party i,68886,21/21,Result Declared
Vijayawada East,81,GADDE RAMA MOHAN,Telugu Desam i,AVINASH DEVINENI,Yuvajana Sramika Rythu Congress Party i,49640,23/23,Result Declared
Vijayawada West,79,YALAMANCHILI SATYANARAYANA CHOWDARY (SUJANA CHOWDARY),Bharatiya Janata Party i,ASIF SHAIK,Yuvajana Sramika Rythu Congress Party i,47032,20/20,Result Declared
Vinukonda,99,GONUGUNTLA VENKATA SIVA SITA RAMA ANZANNEYLLU,Telugu Desam i,BOLLA BRAHMA NAIDU,Yuvajana Sramika Rythu Congress Party i,30267,22/22,Result Declared
Visakhapatnam East,21,RAMAKRISHNA BABU VELAGAPUDI,Telugu Desam i,M V V SATYANARAYANA,Yuvajana Sramika Rythu Congress Party i,70877,22/22,Result Declared
Visakhapatnam North,23,VISHNU KUMAR RAJU PENMETSA,Bharatiya Janata Party i,KANNAPARAJU KAMMILA (K.K. RAJU),Yuvajana Sramika Rythu Congress Party i,47534,21/21,Result Declared
Visakhapatnam South,22,CH.VAMSI KRISHNA SRINIVAS,Janasena Party i,GANESH KUMAR VASUPALLI,Yuvajana Sramika Rythu Congress Party i,64594,17/17,Result Declared
Visakhapatnam West,24,P.G.V.R.NAIDU(GANABABU),Telugu Desam i,ADARI ANAND KUMAR,Yuvajana Sramika Rythu Congress Party i,35184,16/16,Result Declared
Vizianagaram,18,ADITI VIJAYALAKSHMI GAJAPATHI RAJU PUSAPATI,Telugu Desam i,KOLAGATLA VEERABHADRA SWAMY,Yuvajana Sramika Rythu Congress Party i,60609,20/20,Result Declared
Yelamanchili,32,SUNDARAPU VIJAY KUMAR,Janasena Party i,UPPALAPATI VENKATA RAMANAMURTHY RAJU,Yuvajana Sramika Rythu Congress Party i,48956,19/19,Result Declared
Yemmiganur,144,B. JAYANAGESWARA REDDY,Telugu Desam i,BUTTA RENUKA,Yuvajana Sramika Rythu Congress Party i,15837,20/20,Result Declared
Yerragondapalem (SC),102,CHANDRA SEKHAR TATIPARTHI,Yuvajana Sramika Rythu Congress Party i,ERIXION BABU GUDURI,Telugu Desam i,5200,19/19,Result Declared
